{
  "q_liq": [
    0,
    10,
    20,
    30,
    40,
    50,
    60,
    70,
    80,
    90,
    100,
    110,
    120,
    130,
    140,
    150,
    160,
    170,
    180,
    190,
    200,
    210,
    220,
    230,
    240,
    250,
    260,
    270,
    280,
    290,
    300,
    310,
    320,
    330,
    340,
    350,
    360,
    370,
    380,
    390
  ],
  "p_wf": [
    397.03802755650116,
    397.0275478228695,
    397.0002271293425,
    396.95862997343295,
    396.90252342028475,
    396.8320306769979,
    396.7472210732344,
    396.6481384910287,
    396.53481296389515,
    396.40726623259854,
    396.26551471474096,
    396.10957122488225,
    395.9394460344828,
    395.75514755800214,
    395.556682815239,
    395.3440577534942,
    395.11727747851614,
    394.8763464241341,
    394.62126847950634,
    394.3520470863582,
    394.0686853145049,
    393.7711859213654,
    393.45955139947387,
    393.1337840148514,
    392.7938858383279,
    392.4398587713529,
    392.0717045674531,
    391.68942485021273,
    391.2930211284549,
    390.8824948091403,
    390.45784720840425,
    390.0190795610457,
    389.5661930287385,
    389.09918870716814,
    388.61806763226343,
    388.1228307856635,
    387.6134790995353,
    387.0900134608302,
    386.5524347150638,
    386.0007436696812
  ]
}